title,author,genre,description,hint,partial_spoiler,character_fates,full_spoiler,ending_type,tags
Mimesis: The Representation of Reality in Western Literature,Erich Auerbach,literary criticism,"A landmark work of criticism about how Western literature represents reality across styles, periods, and social worlds.",The spoiler is not plot but argument: realism expands what literature can treat as serious.,"Auerbach compares scenes from Homer, the Bible, Dante, Flaubert, Woolf, and others to show how literary style changes what reality can look like.",No fictional character fate; the major change is realism becoming a historical method of seeing.,"The book argues that Western literature gradually makes ordinary life, mixed styles, social class, and historical reality central to serious representation.",critical revelation,realism;representation;literary history;style;criticism
Recitatif,Toni Morrison,short story,"A story about two women, childhood memory, racial reading, and the instability of what readers think they know.",The story withholds the racial information readers are trained to search for.,"Twyla and Roberta remember the same childhood institution and the same disabled woman differently, while race remains deliberately unstable.","Twyla and Roberta survive into adulthood, but their shared memory of Maggie remains unresolved.","The story never reveals which girl is Black and which is white, forcing the reader to confront how racial assumptions are produced by reading itself.",unresolved moral ambiguity,race;memory;ambiguity;childhood;misrecognition
Geography III,Elizabeth Bishop,poetry,"A poetry collection where maps, questions, and precise description turn orientation into uncertainty.",The poems turn measurement into uncertainty.,"Bishop uses maps, questions, and exact description to show how difficult it is to locate the self or the world securely.","No character deaths; the speakers remain attentive, estranged, and unsettled.",The collection repeatedly treats geography as a failed promise of mastery: description does not control the world but reveals its instability.,lyric disorientation,poetry;geography;description;precision;disorientation
Little Women,Louisa May Alcott,classic,"Four sisters come of age while negotiating love, ambition, family, work, and the futures available to women.","The ending is domestic, but it is not simple.","The sisters grow into separate lives, and one beloved sister does not survive.",Beth dies; Jo marries Professor Bhaer; Amy marries Laurie; Meg marries John Brooke.,"Beth dies. Amy marries Laurie. Jo does not marry Laurie and instead marries Professor Bhaer, later building a school at Plumfield.",bittersweet domestic resolution,sisters;coming of age;ambition;domesticity;grief
The Portrait of Dorian Gray,Oscar Wilde,gothic fiction,"A gothic novel about beauty, corruption, performance, and a portrait that records what the body refuses to show.",The portrait keeps the truth the body refuses.,Dorian remains outwardly beautiful while the hidden portrait records his moral corruption.,Dorian dies; Basil Hallward is murdered by Dorian; Sibyl Vane dies by suicide.,"Dorian tries to destroy the portrait, but kills himself instead. His body becomes aged and ruined while the portrait returns to beauty.",moral reversal,vanity;beauty;corruption;gothic;portrait
The Bluest Eye,Toni Morrison,literary fiction,"A devastating novel about girlhood, beauty, racism, violence, and the making of self-hatred.",The book asks what happens when beauty becomes a weapon.,"Pecola is destroyed by racism, sexual violence, and the community failure to protect her.",Pecola survives physically but is psychologically shattered; her baby dies; Cholly dies.,"Pecola is raped by her father, becomes pregnant, loses the baby, and retreats into delusion, believing she has blue eyes.",devastating social tragedy,race;beauty;girlhood;violence;trauma
Fun Home: A Family Tragicomic,Alison Bechdel,graphic memoir,"A graphic memoir about family, queerness, reading, the father-daughter relation, and the house as archive.",The family home is both museum and evidence.,"Bechdel connects her coming-out, her father closeted sexuality, and his sudden death.","Bruce Bechdel dies; Alison survives into authorship, interpretation, and retrospective understanding.","Bruce Bechdel dies after being hit by a truck, and the memoir leaves open whether his death was accidental or suicide.",ambiguous memoir reckoning,memoir;family;queerness;house;father
On Earth We're Briefly Gorgeous,Ocean Vuong,literary fiction,"A lyrical novel written as a letter about family history, migration, violence, language, and first love.",The letter knows it may never be fully received.,"Little Dog writes to his mother about family history, trauma, migration, language, and his relationship with Trevor.",Trevor dies; Little Dog survives through writing; Rose and Lan remain central presences in memory.,"Trevor dies of an overdose, and the novel ends as a meditation on memory, inheritance, survival, and the limits of address.",lyric grief,family;migration;language;queerness;grief
Play It As It Lays,Joan Didion,literary fiction,"A spare novel about Hollywood, passivity, emotional numbness, abortion, and life stripped of explanation.",The plot feels like a life drained of meaning.,"Maria drifts through Hollywood, failed relationships, abortion, institutionalization, and emotional detachment.",BZ dies by suicide; Maria survives but remains emotionally detached and institutionalized.,"Maria ends in a psychiatric facility, still refusing easy meaning, while BZ dies by suicide after asking her to stay with him.",existential collapse,Hollywood;alienation;passivity;fragmentation;despair
Wuthering Heights,Emily Brontë,gothic romance,"A violent gothic romance about obsession, revenge, inheritance, haunting, and love that refuses to behave like cure.",This is not love as rescue; it is love as haunting.,"Catherine dies, Heathcliff becomes consumed by revenge, and the next generation inherits the damage.",Catherine dies; Heathcliff dies; Hindley dies; Linton dies; Cathy and Hareton survive together.,"Catherine dies after marrying Edgar. Heathcliff destroys several lives through revenge, then dies obsessed with Catherine ghost. Cathy and Hareton suggest a gentler future.",gothic haunting with renewal,obsession;revenge;ghosts;love;inheritance
Monolingualism of the Other,Jacques Derrida,theory,"A philosophical work about language, inheritance, identity, colonial history, and the impossibility of fully owning a language.",The book begins from an impossible claim about language and belonging.,Derrida argues that the language one calls one own is always inherited from elsewhere.,No character fate; the stable subject of language is what gets undone.,"The book unsettles the idea of native language by showing how language, identity, colonial history, and origin are never fully possessed.",philosophical destabilization,language;identity;colonialism;origin;theory
The Virgin Suicides,Jeffrey Eugenides,literary fiction,"A retrospective novel about five sisters, suburban obsession, memory, and the limits of looking back.","The title tells you the outcome, but not the meaning.",All five Lisbon sisters die by suicide while the neighborhood boys remain unable to understand them.,"Cecilia, Lux, Bonnie, Mary, and Therese Lisbon all die by suicide.","Cecilia dies first, and the remaining sisters later die in a coordinated sequence, leaving the male narrators with obsession rather than understanding.",fatal retrospective mystery,girlhood;obsession;suburbia;suicide;memory
"Last Looks, Last Books",Helen Vendler,literary criticism,"A work of literary criticism about late style, poetic endings, revision, mortality, and final artistic gestures.",The book studies how poets write when lateness becomes visible.,"Vendler reads late poetry by major poets as a record of endings, revisions, and final styles.",No fictional fate; the book is concerned with poetic mortality and final forms.,"The central revelation is critical rather than narrative: late style becomes a way of confronting death, form, and the last possible gestures of art.",critical meditation on death,poetry;death;late style;criticism;Bishop
My Year of Rest and Relaxation,Ottessa Moshfegh,literary fiction,"A novel about a young woman trying to disappear into sleep, numbness, wealth, friendship, and controlled self-erasure.",Sleep becomes less escape than experiment.,The narrator drugs herself into near-total sleep while her friendship with Reva deteriorates.,Reva dies in the September 11 attacks; the narrator survives changed but not cleanly redeemed.,"After the narrator emerges from her hibernation, Reva dies in 9/11, and the narrator watches footage of a falling woman she imagines as Reva.",historical shock,sleep;alienation;friendship;numbness;9/11
Amy Foster,Joseph Conrad,short story,"A short story about exile, xenophobia, language, marriage, and the tragedy of not being understood.",The tragedy begins with not being understood.,"Yanko survives a shipwreck and marries Amy, but remains isolated by language and local suspicion.",Yanko dies; Amy survives but becomes part of the story failure of sympathy.,"When Yanko becomes ill and speaks in his native language, Amy fears him and abandons him; he dies isolated.",isolation tragedy,language;exile;xenophobia;marriage;misunderstanding
Bunny,Mona Awad,dark academia,"A surreal campus novel about loneliness, writing workshops, femininity, violence, and the danger of belonging.",The workshop is more dangerous than it looks.,"Samantha is drawn into a cultish writing group whose rituals blur art, violence, fantasy, and social performance.",Ava reality remains uncertain; Samantha survives but remains inside ambiguity.,"The Bunnies conjure hybrid boys through ritual, and the novel leaves reality unstable as Samantha confronts Ava, creativity, loneliness, and monstrosity.",surreal ambiguity,dark academia;writing;cult;female friendship;surreal
Set My Heart on Fire,Izumi Suzuki,short stories,"A story collection about alienation, cool detachment, desire, gender, futurity, and emotional distance.",Coolness keeps turning into danger.,"The stories follow women moving through alienation, desire, social worlds, and speculative strangeness.",Varies by story; the recurring fate is stylish disillusionment rather than rescue.,"Rather than building to one plot ending, the collection repeatedly shows emotional distance becoming its own trap.",fragmented disillusionment,short stories;coolness;alienation;women;desire
Beloved,Toni Morrison,literary fiction,"A haunted novel about slavery, motherhood, memory, community, and the return of what history tries to bury.",The ghost is not only a ghost.,"Sethe dead daughter returns in embodied form, forcing the household to confront slavery, guilt, and memory.",Beloved vanishes; Sethe survives; Denver steps into the world; Paul D returns.,"Sethe killed her child rather than let her be returned to slavery. Beloved appears as that dead daughter, then vanishes after the women of the community intervene.",haunting release,slavery;motherhood;ghost;memory;trauma
Jane Eyre,Charlotte Brontë,classic,"A gothic bildungsroman about independence, desire, morality, class, and the secret inside a romance.",The romance has a locked room inside it.,"Rochester is already married to Bertha Mason, who is hidden in the attic.",Bertha dies; Rochester is blinded and injured; Jane survives and marries Rochester.,"Jane leaves after discovering Bertha, later returns after Thornfield burns, Bertha dies, and Rochester is injured. Jane marries him on more equal terms.",gothic marriage resolution,romance;gothic;independence;secret wife;morality
Rebecca,Daphne du Maurier,gothic suspense,"A gothic suspense novel about marriage, memory, class, jealousy, and a dead wife who dominates a house.",The dead wife controls the house more than the living one.,"Rebecca was not the perfect wife everyone imagines, and Maxim grief is not what it seems.",Rebecca is already dead; Mrs. Danvers likely burns Manderley; Maxim and the narrator survive in exile.,Maxim killed Rebecca after she manipulated him into believing she was pregnant; Manderley is later burned by Mrs. Danvers.,gothic exposure,gothic;marriage;house;dead wife;identity
The Secret History,Donna Tartt,dark academia,"A dark academia novel about beauty, classics, privilege, murder, friendship, guilt, and moral rot.",The murder is not the mystery; the aftermath is.,The group kills Bunny because he knows too much about an earlier death.,Bunny is murdered; Henry dies by suicide; the others survive damaged and scattered.,"The classics students accidentally kill a farmer during a bacchanal, then murder Bunny to hide it. Henry later dies by suicide.",elite moral rot,dark academia;murder;classics;friend group;guilt
Never Let Me Go,Kazuo Ishiguro,speculative fiction,"A quiet dystopian novel about memory, love, art, childhood, and lives shaped by a system already decided.",The school is preparing the students for a future already chosen for them.,"Kathy, Ruth, and Tommy are clones raised to donate organs.",Ruth dies; Tommy dies; Kathy survives temporarily but is expected to donate.,"There is no deferral for love. Ruth and Tommy complete their donations and die, while Kathy awaits the same fate.",quiet dystopian inevitability,clones;memory;love;school;inevitability
Giovanni's Room,James Baldwin,literary fiction,"A novel about desire, shame, masculinity, exile, and the room where a life David refuses becomes visible.",The room becomes a place of desire and refusal.,David abandons Giovanni because he cannot face what their relationship means for his identity.,Giovanni is executed; David survives in guilt; Hella leaves.,"Giovanni is executed for murder after David leaves him, and David ends alone, haunted by cowardice and desire.",tragic self-betrayal,queerness;desire;shame;Paris;identity
The Great Gatsby,F. Scott Fitzgerald,classic,"A novel about wealth, longing, reinvention, class, performance, and the collapse of an American dream.",The dream is built on a woman who cannot bear its weight.,"Daisy kills Myrtle while driving Gatsby car, and Gatsby takes the blame.",Gatsby dies; Myrtle dies; George dies; Daisy and Tom leave unharmed.,"George Wilson kills Gatsby, believing he caused Myrtle death. Daisy and Tom leave, and almost no one attends Gatsby funeral.",American disillusionment,wealth;dream;romance;class;death
Their Eyes Were Watching God,Zora Neale Hurston,classic,"A novel about Janie search for voice, love, selfhood, and a life that belongs to her.","Love arrives, but not without a storm.","Janie finds love with Tea Cake, but the hurricane changes everything.",Tea Cake dies; Janie survives and returns with self-knowledge.,"Tea Cake contracts rabies after saving Janie, becomes violent, and Janie kills him in self-defense. She returns home with her story.",self-possessed return,love;voice;hurricane;selfhood;Black womanhood
Wide Sargasso Sea,Jean Rhys,postcolonial fiction,"A postcolonial prequel to Jane Eyre that gives history, voice, and violence to the woman in the attic.",This is the story behind the woman in the attic.,"Antoinette is renamed Bertha by Rochester and gradually loses autonomy, home, and identity.",Antoinette is imprisoned and moves toward self-destruction; Rochester survives into Jane Eyre plot.,"Antoinette is taken to England and confined in the attic, where the ending points toward the fire that will destroy Thornfield in Jane Eyre.",prequel tragedy,colonialism;madwoman;identity;marriage;Caribbean
Passing,Nella Larsen,modernist fiction,"A modernist novel about race, marriage, jealousy, passing, and the danger of being read too clearly.","The danger is not only being seen, but being read correctly.","Clare passes as white, reenters Irene life, and destabilizes Irene marriage and sense of safety.",Clare dies; Irene survives inside ambiguity; Brian future remains uncertain.,"Clare falls from a window after her racist husband discovers her racial identity; the novel leaves ambiguous whether Irene pushed her, failed to save her, or only witnessed it.",ambiguous fatal fall,race;passing;jealousy;marriage;ambiguity
Mrs. Dalloway,Virginia Woolf,modernist fiction,"A modernist novel following one day in London through consciousness, memory, social ritual, war trauma, and death.",A party and a death happen in the same day.,"Clarissa prepares for a party while Septimus, a traumatized veteran, moves toward suicide.",Septimus dies by suicide; Clarissa survives and returns to the party.,"Septimus kills himself by jumping from a window to avoid psychiatric confinement, and Clarissa hears of his death during her party, interpreting it as a profound act of refusal.",modernist confrontation with death,modernism;party;war;suicide;consciousness
The Bell Jar,Sylvia Plath,literary fiction,"A novel about depression, ambition, womanhood, institutional treatment, and the terror of a life narrowing around the self.","The descent is psychological, not melodramatic.","Esther spirals into depression, attempts suicide, and is institutionalized.",Esther survives; Joan dies by suicide.,"Esther survives her suicide attempt and treatment, but the ending remains uncertain as she prepares for an interview about release.",conditional survival,depression;womanhood;mental health;institution;survival
The Handmaid's Tale,Margaret Atwood,dystopian fiction,"A dystopian novel about gender, control, testimony, memory, and survival under a theocratic regime.",The ending refuses to tell you whether escape is rescue.,Offred is taken away in a van that may belong to the Eyes or the resistance.,Offred fate is unknown; Gilead eventually falls; her narrative survives.,Offred fate is left unresolved; the epilogue reveals her story survives as historical testimony studied after Gilead falls.,unresolved escape,dystopia;gender;testimony;control;survival
Not That Kind of Girl,Lena Dunham,memoir essays,"A personal essay collection about youth, work, sex, insecurity, ambition, and self-presentation.",The reveal is not a plot twist; it is the performance of confession itself.,"The book turns private experience into public persona, often making awkwardness part of the argument.",No fictional character fate; the central figure survives through self-narration and self-exposure.,The collection uses autobiographical episodes to build a deliberately messy portrait of a young woman learning how to narrate herself.,confessional self-portrait,memoir;essays;girlhood;celebrity;confession
Strangers: A Memoir of Marriage,Belle Burden,memoir,"A memoir about marriage, estrangement, identity, and the difficulty of knowing the person closest to you.",The title already suggests the emotional turn: intimacy can become unfamiliar.,The memoir tracks marriage as a structure that can reveal distance as much as closeness.,No fictional character fate; the revelation is relational rather than plot-driven.,The book frames marriage as a place where familiarity can turn into estrangement and self-knowledge.,marital estrangement,memoir;marriage;identity;intimacy;estrangement
Pretty Boys Are Poisonous,Megan Fox,poetry,"A poetry collection about desire, objectification, anger, performance, and the cost of being looked at.",The title tells you the emotional weather: beauty becomes danger.,"The poems turn glamour and romance into sites of harm, exposure, and retaliation.",No fictional character fate; the speaker survives through indictment and self-expression.,"The collection presents desire as poisonous when power, fantasy, and objectification are mistaken for love.",poetic indictment,poetry;desire;beauty;anger;performance
Famesick,Lena Dunham,literary fiction,"A fiction project about fame, selfhood, performance, and what happens when being watched becomes part of living.",The danger is not only wanting fame; it is needing the gaze to know oneself.,"The story uses fame as a pressure system for ambition, insecurity, intimacy, and public identity.",Character fate varies by plot; the central risk is losing a private self to public performance.,"The full revelation is that fame is not merely reward but a structure that changes how people love, work, and understand themselves.",fame as self-erasure,fame;identity;performance;ambition;public self
The Opposite of Loneliness,Marina Keegan,essays and stories,"A posthumous collection of essays and stories about youth, ambition, grief, uncertainty, and the future that still feels possible.",The title becomes more painful because the author died young.,"The collection is shadowed by Keegan death shortly after college, which changes how readers encounter its hope and urgency.",No fictional character fate applies to the whole book; Marina Keegan died in a car accident after graduating from Yale.,"The book gathers Keegan essays and fiction into a record of promise, urgency, and a life cut short.",posthumous promise,essays;stories;youth;ambition;grief
Start With Yourself,Emma Grede,business nonfiction,"A business and personal development book about work, ambition, leadership, and building from self-knowledge.",The reveal is practical: the career problem begins with the self one brings to work.,"The book frames professional growth as inseparable from habits, values, self-discipline, and personal responsibility.",No fictional character fate; the reader is the implied person being changed.,The book argues that sustainable work and leadership require beginning with self-awareness before external achievement.,self-development framework,business;leadership;work;ambition;self-knowledge
The Art and Science of Portraiture,Sara Lawrence-Lightfoot and Jessica Hoffmann Davis,social science,"A methodological work about portraiture as a form of social science that combines aesthetics, evidence, relationship, and interpretation.",The method treats attention as both analytic and artistic.,"Portraiture does not pretend the observer is invisible; it makes relationship, context, and interpretation part of the method.",No fictional character fate; the central transformation is methodological.,"The book argues that portraiture can produce rigorous social science by joining empirical observation with narrative, aesthetics, and ethical relation.",methodological revelation,portraiture;social science;method;attention;qualitative research
"We Love You, Bunny",Mona Awad,dark academia,"A return to the Bunny world of ritual, friendship, writing, sweetness, violence, and surreal feminine monstrosity.",The danger of the Bunnies was never only that they were cute.,"The story extends the Bunny universe by returning to the group logic of belonging, cruelty, fantasy, and invention.",Character fate depends on the sequel plot; the group itself remains the threatening organism.,"The deeper reveal is that the Bunny world turns affection, language, and creativity into mechanisms of possession.",surreal group possession,dark academia;sequel;writing;cult;female friendship
Where the Crawdads Sing,Delia Owens,mystery romance,"A coming-of-age mystery about isolation, nature, love, class judgment, and a death in the marsh.",The marsh girl is underestimated until the very end.,"Kya is acquitted of Chase Andrews death, but the ending reveals she did kill him.",Chase Andrews dies; Kya lives a long life with Tate before dying in old age.,"After Kya death, Tate finds evidence that she was the poet Amanda Hamilton and that she murdered Chase, despite being acquitted.",hidden guilt revealed,mystery;nature;isolation;romance;trial
The Alchemist,Paulo Coelho,philosophical fiction,"A fable about a shepherd, a journey, omens, desire, and the search for one personal legend.",The treasure is both far away and exactly where the journey began.,"Santiago travels to Egypt seeking treasure, only to learn its location is back in Spain.",Santiago survives; the alchemist continues on; Fatima waits for Santiago return.,"Santiago finds that the treasure is buried near the ruined church where his journey started, making the quest itself the path to the answer.",circular quest revelation,fable;journey;destiny;omens;self-discovery
If on a winter's night a traveler,Italo Calvino,postmodern fiction,"A playful experimental novel about reading, interruption, desire, narrative beginnings, and the reader as protagonist.",The book keeps beginning because reading itself is the adventure.,"The Reader repeatedly starts novels that break off, turning frustration into the form of the book.",No stable fictional fate dominates; the Reader and Ludmilla move toward marriage.,"The novel ends with the Reader in bed with Ludmilla, reading If on a winter's night a traveler, folding the act of reading into the ending.",postmodern closure,Calvino;reading;metafiction;interruption;desire
Illness as Metaphor and AIDS and Its Metaphors,Susan Sontag,criticism,"A critical work about how illness is burdened by metaphor, stigma, moral judgment, and political meaning.",The spoiler is the argument: metaphors can make illness harder to survive.,"Sontag argues against treating diseases such as cancer and AIDS as moral, psychological, or symbolic verdicts.",No fictional character fate; the book attacks harmful cultural meanings attached to illness.,The central revelation is that illness should be stripped of punitive metaphor so people can face disease without inherited stigma.,critical demystification,illness;metaphor;stigma;AIDS;criticism
The Misadventures of Awkward Black Girl,Issa Rae,memoir essays,"A comic memoir-in-essays about awkwardness, race, creativity, insecurity, and becoming visible on one own terms.",The awkwardness is not a flaw; it becomes the voice.,The book turns embarrassment and social discomfort into a style of self-recognition and comedy.,No fictional character fate; Issa Rae survives into authorship and creative agency.,"The memoir reframes awkward Black girlhood as a source of humor, specificity, and power rather than something to correct.",comic self-definition,memoir;awkwardness;race;comedy;creativity
I'm Glad My Mom Died,Jennette McCurdy,memoir,"A memoir about child stardom, emotional abuse, eating disorders, performance, grief, and recovery.",The title is shocking because the book makes the reason painfully clear.,"McCurdy describes her mother controlling her career, body, emotions, and sense of self.","No fictional character fate; McCurdy survives abuse, exploitation, disordered eating, and the aftermath of her mother death.","The memoir reveals how McCurdy child-star success was built through maternal control and harm, and how recovery required refusing the role assigned to her.",survival after control,memoir;child stardom;abuse;recovery;motherhood
Love,Toni Morrison,literary fiction,"A novel about women connected and damaged by Bill Cosey, whose legacy divides memory, desire, property, and love.","The man at the center is dead, but his power keeps rearranging the living.",Heed and Christine childhood bond is destroyed by Cosey marriage to Heed and the social order around him.,Bill Cosey is dead before the main action; Heed dies; Christine survives with grief and recognition.,"The novel reveals that the women rivalry has been shaped by Cosey power, inheritance, sexual exploitation, and a lost intimacy between Heed and Christine.",damaged inheritance,Toni Morrison;love;memory;inheritance;women
Language as Liberation: Reflections on the American Canon,Toni Morrison,essays criticism,"A collection of reflections on literature, language, power, race, canon formation, and American cultural imagination.",The revelation is critical: language can imprison or liberate depending on who controls it.,"Morrison reads the American canon through race, power, exclusion, and the imaginative work language performs.",No fictional character fate applies to the collection as a whole.,"The collection positions language as a site of liberation, showing how literature can expose power while creating new imaginative possibility.",critical liberation,language;canon;race;criticism;American literature
Before I Fall,Lauren Oliver,young adult fiction,"A young adult novel about repetition, popularity, guilt, and one girl reliving the day she dies.",The day keeps repeating because she has not understood what it means.,Sam relives the day of her death and slowly changes how she treats the people around her.,Sam dies; Juliet survives because Sam chooses to save her.,"Sam realizes she cannot save herself and instead uses the repeated day to save Juliet, accepting her own death.",redemptive time loop,young adult;time loop;death;guilt;redemption
It,Alexa Chung,style nonfiction,"A personal style book mixing images, references, fashion, taste, icons, and self-presentation.",The reveal is aesthetic rather than narrative: style is built from references.,"The book presents taste as collage, assembling influence, clothes, music, images, and attitude.",No fictional character fate; the subject is persona and style.,"The book functions as a moodboard of identity, showing style as a curated language rather than a single rulebook.",style as collage,fashion;style;persona;images;taste
"Big Kiss, Bye-Bye",Claire-Louise Bennett,literary fiction,"A literary work concerned with voice, intimacy, memory, attention, and the strange pressure of inner life.",The spoiler is not plot; it is the movement of consciousness.,"The book turns thought, perception, and emotional texture into the main event.","Character fate is less central than the fate of voice, memory, and perception.",The deeper revelation is that narrative can live in the drift of consciousness rather than in conventional plot resolution.,interior drift,literary fiction;voice;memory;attention;intimacy
The Five People You Meet in Heaven,Mitch Albom,philosophical fiction,A sentimental afterlife novel about a man learning the hidden meaning of his life through five encounters.,Heaven is not escape; it is explanation.,Eddie dies and meets five people who reveal how his ordinary life affected others.,Eddie dies at the beginning; Tala was killed in war; Marguerite dies before Eddie; Eddie is reunited with her in the afterlife.,"Eddie learns that he killed Tala accidentally during the war and that his final act saved a little girl, giving his life meaning.",afterlife reconciliation,afterlife;meaning;memory;forgiveness;connection
East of Eden,John Steinbeck,classic,"A multigenerational American novel about family, inheritance, moral choice, envy, and the possibility of refusing inherited sin.",The key word is timshel: thou mayest.,"Cal and Aron repeat the Cain and Abel pattern, but the novel insists that inherited patterns do not erase choice.",Adam survives long enough to bless Cal; Aron dies in war; Cathy dies by suicide; Lee remains a moral center.,"Cal reveals the truth about Cathy to Aron, Aron breaks down and enlists, then dies. Adam blesses Cal with timshel, affirming his freedom to choose good.",moral freedom,family;inheritance;Cain and Abel;choice;California
Pride and Prejudice,Jane Austen,classic romance,"A comedy of manners about judgment, pride, class, marriage, wit, and the slow revision of first impressions.",First impressions are almost all wrong.,"Darcy quietly helps save Lydia reputation, changing Elizabeth understanding of him.",Elizabeth marries Darcy; Jane marries Bingley; Lydia remains married to Wickham.,"Elizabeth realizes she misjudged Darcy, Darcy overcomes his pride, and the novel ends with their marriage alongside Jane and Bingley.",romantic correction,romance;class;marriage;manners;wit
Emma,Jane Austen,classic,"A comedy of manners about matchmaking, self-deception, class, friendship, and learning to read others properly.","The matchmaker has been wrong about almost everyone, including herself.",Emma discovers that Harriet loves Mr. Knightley and realizes she loves him too.,Emma marries Mr. Knightley; Harriet marries Robert Martin; Jane Fairfax marries Frank Churchill.,"Emma stops trying to arrange other people lives after recognizing her own vanity and misreadings, then marries Mr. Knightley.",comic self-correction,Austen;marriage;self-deception;class;matchmaking
Frankenstein,Mary Shelley,gothic fiction,"A gothic novel about creation, responsibility, loneliness, ambition, and the horror of being abandoned by one maker.",The monster is not born evil; he is made lonely.,"Victor creates life, rejects his creature, and the creature turns violent after repeated abandonment.",Victor dies; Elizabeth dies; William dies; Justine dies; Henry dies; the creature disappears into the Arctic.,"The creature kills Victor loved ones after Victor refuses to make him a companion, and Victor dies pursuing him into the Arctic.",creator destroyed by creation,gothic;science;creation;loneliness;responsibility
Dracula,Bram Stoker,gothic fiction,"A vampire novel about invasion, sexuality, technology, superstition, and a group effort to destroy a foreign threat.",The monster can only be defeated by reading every trace he leaves.,Lucy becomes a vampire and is destroyed by the men who loved her; Mina is bitten but not lost.,Dracula dies; Lucy dies twice; Quincey Morris dies; Mina survives.,Van Helsing and the group track Dracula back to Transylvania and destroy him before Mina becomes fully vampiric.,gothic purification,vampires;gothic;invasion;sexuality;technology
Crime and Punishment,Fyodor Dostoevsky,classic,"A psychological novel about murder, guilt, pride, poverty, punishment, confession, and spiritual possibility.",The punishment begins before the law arrives.,"Raskolnikov murders Alyona and Lizaveta, then is consumed by guilt and paranoia.",Alyona dies; Lizaveta dies; Svidrigailov dies by suicide; Raskolnikov is imprisoned; Sonia follows him.,"Raskolnikov confesses and is sent to Siberia, where Sonia remains with him and the novel gestures toward spiritual rebirth.",guilt and redemption,crime;guilt;confession;poverty;redemption
The Brothers Karamazov,Fyodor Dostoevsky,classic,"A philosophical family novel about faith, doubt, patricide, inheritance, sensuality, and moral responsibility.",The father murder exposes everyone moral involvement even when only one person kills.,"Smerdyakov kills Fyodor Pavlovich, but Dmitri is convicted because desire and guilt have made him look guilty.",Fyodor Pavlovich dies; Smerdyakov dies by suicide; Dmitri is convicted; Alyosha remains a figure of spiritual hope.,"Dmitri is wrongly convicted of murdering his father, though Smerdyakov committed the crime. The novel ends by turning toward memory, children, and moral hope.",wrongful conviction and moral responsibility,faith;doubt;family;patricide;Russia;philosophy
Anna Karenina,Leo Tolstoy,classic,"A realist novel about marriage, desire, society, morality, family, and the unequal costs of transgression.",The romance becomes a social and psychological trap.,"Anna leaves her marriage for Vronsky but becomes increasingly isolated, jealous, and desperate.",Anna dies by suicide; Levin and Kitty survive into family life; Vronsky survives devastated.,"Anna throws herself under a train after her affair leaves her socially isolated and emotionally unraveling, while Levin finds fragile meaning in family and faith.",tragic social realism,marriage;adultery;society;desire;Russia
War and Peace,Leo Tolstoy,classic,"A vast historical novel about families, love, war, chance, history, and the limits of heroic explanations.",No single hero controls history.,"Napoleon invasion changes the lives of the Rostovs, Bolkonskys, and Bezukhovs, but history resists individual mastery.",Prince Andrei dies; Petya Rostov dies; Natasha and Pierre survive and marry; Marya marries Nikolai.,"After war and loss, Pierre and Natasha marry, Marya and Nikolai marry, and the novel rejects great-man history in favor of ordinary life and historical complexity.",historical humility,war;history;family;Russia;Napoleon
Madame Bovary,Gustave Flaubert,realist fiction,"A realist novel about boredom, romance, debt, adultery, consumer desire, and the violence of fantasy.",Her fantasies do not save her; they bankrupt her.,"Emma pursues affairs and luxury in search of romantic escape, but debt and disappointment close in.",Emma dies by suicide; Charles dies later; Berthe is left impoverished.,"Emma poisons herself with arsenic after her debts become impossible, and Charles dies after discovering her letters.",romantic illusion destroyed,realism;adultery;debt;desire;bourgeois life
The Awakening,Kate Chopin,classic,"A short novel about marriage, motherhood, desire, autonomy, and a woman awakening to the limits of her world.","Freedom appears, but the world offers no livable form for it.",Edna rejects the roles of wife and mother but finds no sustainable social place for her desire and autonomy.,Edna dies by drowning; Robert leaves; Léonce and the children survive.,"Edna walks into the sea and drowns herself, leaving the novel suspended between liberation and despair.",ambiguous drowning,womanhood;desire;marriage;autonomy;awakening
A Room of One's Own,Virginia Woolf,essay,"A foundational feminist essay about women, writing, money, space, education, and literary inheritance.",The argument turns material conditions into literary conditions.,Woolf argues that a woman needs money and a room of her own to write fiction.,No fictional character fate; Judith Shakespeare is an imagined figure used to expose structural exclusion.,"The essay argues that women literary genius has been suppressed by poverty, domestic labor, lack of privacy, and exclusion from education.",feminist material argument,feminism;writing;money;space;literature
To the Lighthouse,Virginia Woolf,modernist fiction,"A modernist novel about family, perception, time, grief, art, and the distances between people.",The middle of the book quietly changes everything.,"Mrs. Ramsay dies offstage, World War I passes, and the family returns years later changed by loss.",Mrs. Ramsay dies; Prue dies; Andrew dies; Lily Briscoe survives and completes her painting.,"Lily finishes her painting as Mr. Ramsay reaches the lighthouse with James and Cam, linking art, memory, and mourning without restoring the lost past.",modernist mourning,modernism;family;time;art;grief
The Waves,Virginia Woolf,modernist fiction,"A formally experimental novel made of voices, soliloquies, friendship, time, identity, and the rhythm of consciousness.",The plot is less an event than a tide of consciousness.,"The six voices move through childhood, adulthood, loss, and aging while Percival death haunts the group.","Percival dies; Bernard, Susan, Rhoda, Neville, Jinny, and Louis continue through life in different forms of solitude.","Percival dies abroad, and the remaining voices reveal lives shaped by desire, ambition, loneliness, and the struggle to make a self out of language.",lyric dissolution,modernism;consciousness;friendship;voice;time
One Hundred Years of Solitude,Gabriel García Márquez,magical realism,"A multigenerational saga about the Buendía family, Macondo, memory, repetition, history, and solitude.",The family history has already been written before anyone understands it.,"The Buendía family repeats names, desires, mistakes, and forms of solitude across generations.",Aureliano Babilonia dies as Macondo is destroyed; many Buendías die across the family history.,Aureliano deciphers Melquíades parchments and realizes they predicted the entire Buendía history at the moment Macondo is wiped away by wind.,prophetic annihilation,magical realism;family;history;solitude;Macondo
Love in the Time of Cholera,Gabriel García Márquez,literary romance,"A long romance about waiting, aging, desire, marriage, memory, and the persistence of love across a lifetime.",The love story waits until old age to begin again.,Florentino waits for Fermina for decades while she lives a full marriage with Dr. Urbino.,Dr. Urbino dies; Fermina and Florentino survive into old age together.,"After Fermina husband dies, Florentino renews his courtship, and the novel ends with them traveling by river under a cholera flag, postponing arrival indefinitely.",late-life romantic suspension,love;aging;waiting;marriage;river
The Stranger,Albert Camus,philosophical fiction,"An existential novel about alienation, murder, social judgment, absurdity, and emotional refusal.",He is condemned as much for not grieving correctly as for killing a man.,Meursault kills an Arab man on the beach and is tried through his emotional indifference.,The Arab man dies; Meursault is sentenced to death.,Meursault is condemned to execution and reaches a kind of peace by accepting the indifference of the universe.,absurdist acceptance,existentialism;alienation;murder;trial;absurd
The Metamorphosis,Franz Kafka,modernist fiction,A novella about a man who wakes as an insect and becomes a burden to the family he once supported.,The horror is not only transformation; it is how quickly care becomes resentment.,Gregor becomes an insect-like creature and his family gradually stops seeing him as Gregor.,Gregor dies; his family survives and begins planning a new future.,"Gregor starves and dies after his family rejects him, and they respond with relief and renewed hope for their own lives.",dehumanizing family burden,Kafka;transformation;family;alienation;labor
The Trial,Franz Kafka,modernist fiction,"A nightmarish novel about bureaucracy, guilt, law, accusation, and the impossibility of understanding one own case.",The crime is never explained because the system does not need to explain itself.,Josef K. is arrested without being told the charge and is drawn into an absurd legal system.,Josef K. is executed; the court and its logic remain intact.,Josef K. is killed by two officials in a quarry without ever learning the charge against him.,bureaucratic annihilation,Kafka;law;guilt;bureaucracy;absurdity
Invisible Man,Ralph Ellison,classic,"A novel about race, identity, ideology, invisibility, performance, and the violence of being misread by every institution.","Invisibility is social, not supernatural.","The narrator moves through school, work, political organizing, and disillusionment while others project roles onto him.",Tod Clifton dies; Brother Tod and others are destroyed by politics; the narrator survives underground.,"After riots and betrayal by the Brotherhood, the narrator retreats underground and begins telling his story from invisibility.",underground self-recognition,race;identity;politics;invisibility;American literature
The Color Purple,Alice Walker,literary fiction,"An epistolary novel about abuse, sisterhood, sexuality, faith, selfhood, and the recovery of voice.",The letters become a way back to the self.,"Celie survives abuse, finds love with Shug, and discovers that Nettie is alive.",Celie survives; Nettie returns; Shug survives; Albert changes; the family is reunited.,"Celie leaves Albert, builds a life of her own, reunites with Nettie and her children, and claims joy after years of abuse.",reclaimed voice,letters;Black women;sisterhood;abuse;healing
Sula,Toni Morrison,literary fiction,"A novel about friendship, betrayal, community judgment, womanhood, and the lives a town decides to call dangerous.",The town needs Sula to be evil more than Sula needs their judgment.,"Sula returns to the Bottom and disrupts Nel marriage, becoming a figure the community defines itself against.",Sula dies; Chicken Little dies earlier; Nel survives into belated grief.,"After Sula dies, Nel later realizes that the deepest loss of her life was not Jude but Sula.",belated recognition,friendship;community;women;betrayal;Black literature
Song of Solomon,Toni Morrison,literary fiction,"A novel about ancestry, flight, names, masculinity, family secrets, and the recovery of history.",The family history is hidden in a song.,"Milkman follows clues south and learns the story of his ancestors, especially Solomon flight.",Pilate dies; Hagar dies; Milkman fate is ambiguous at the final leap.,"Milkman learns his lineage and leaps toward Guitar at the end, with the novel leaving his survival unresolved but transforming his understanding of identity.",ancestral revelation,ancestry;flight;names;family;identity
Jazz,Toni Morrison,literary fiction,"A novel about Harlem, desire, violence, migration, improvisation, and a narrator trying to understand a love triangle.",The murder is only the first note.,"Joe Trace kills his young lover Dorcas, and Violet tries to cut Dorcas face at the funeral.",Dorcas dies; Joe and Violet survive and slowly remake their marriage.,"The novel moves from Dorcas murder toward Joe and Violet fragile reconciliation, while the narration itself learns to revise its assumptions.",improvised reconciliation,Harlem;jazz;desire;migration;violence
Homegoing,Yaa Gyasi,historical fiction,"A multigenerational novel following two branches of one family through slavery, colonialism, migration, and inheritance.",The family split begins with two sisters who never know each other.,"Effia marries into the slave trade while Esi is imprisoned and sold into slavery, dividing the family line.",Many descendants die or suffer across generations; Marjorie and Marcus survive into a possible reconnection.,"The novel closes with Marjorie and Marcus returning symbolically to water, bringing divided family histories toward recognition.",genealogical reconnection,slavery;family;inheritance;Ghana;America
Kindred,Octavia E. Butler,speculative fiction,"A time-travel novel about slavery, ancestry, survival, violence, and the impossible intimacy of inherited history.",The ancestor she must protect is also a danger to her.,"Dana is repeatedly pulled back to the antebellum South to save Rufus, the white ancestor necessary to her existence.",Rufus dies; Alice dies by suicide; Dana survives but loses an arm.,"Dana kills Rufus when he tries to rape her, returns permanently to the present, and loses her arm where Rufus grips her.",ancestral survival wound,slavery;time travel;ancestry;violence;survival
Parable of the Sower,Octavia E. Butler,speculative fiction,"A dystopian novel about collapse, community, faith, survival, and the founding of Earthseed.","The world falls apart, but Lauren builds a religion from change.","Lauren loses her family and home, then gathers followers while traveling north through social collapse.",Lauren survives; most of her family dies; Bankole survives; the new community Acorn is founded.,"Lauren reaches Bankole land with survivors and founds Acorn, beginning Earthseed as a lived community.",founding through collapse,dystopia;Earthseed;survival;community;change
The Left Hand of Darkness,Ursula K. Le Guin,science fiction,"A science fiction novel about gender, diplomacy, exile, trust, and the difficulty of understanding another world.",The real journey is learning to trust what one cannot translate easily.,"Genly Ai and Estraven cross the ice together, transforming political mission into intimate trust.",Estraven dies; Genly survives and completes the mission.,"Estraven is killed after helping Genly, but his sacrifice allows Gethen to join the Ekumen.",sacrifice and diplomacy,science fiction;gender;exile;trust;diplomacy
The Dispossessed,Ursula K. Le Guin,science fiction,"A philosophical science fiction novel about anarchism, capitalism, science, exile, and the politics of freedom.",The utopia has walls too.,Shevek leaves the anarchist moon Anarres for Urras and discovers failures in both societies.,Shevek survives; his theory is shared; no single society is redeemed as perfect.,"Shevek returns to Anarres after sharing his scientific breakthrough, keeping open the unfinished work of freedom and revolution.",ambiguous utopian return,science fiction;anarchism;capitalism;freedom;physics
The Hunger Games,Suzanne Collins,young adult dystopian,"A dystopian survival novel about spectacle, violence, class, performance, and a girl forced to become a symbol.",Performance can become a weapon.,Katniss and Peeta threaten to eat poisonous berries so the Capitol must let them both live.,Rue dies; Cato dies; Katniss and Peeta survive.,"Katniss and Peeta both survive after forcing the Capitol into a double-victor ending, but the act marks Katniss as dangerous.",survival as rebellion,dystopia;spectacle;survival;class;rebellion
Catching Fire,Suzanne Collins,young adult dystopian,"A sequel about trauma, rebellion, spectacle, and a victory tour that becomes a political threat.",The arena is not the only trap.,"Katniss is forced back into the Games for the Quarter Quell, but the arena becomes the site of a rebel rescue.",Cinna is beaten; Mags dies; Wiress dies; Katniss survives; Peeta is captured.,"Katniss destroys the arena force field and is rescued by rebels, then learns District 12 has been bombed and Peeta is in Capitol hands.",rebellion ignition,dystopia;rebellion;trauma;arena;Capitol
Mockingjay,Suzanne Collins,young adult dystopian,"A war novel about propaganda, revolution, grief, trauma, and the cost of becoming a symbol.",The revolution does not stay innocent.,Katniss becomes the Mockingjay while realizing rebel power can also manipulate and sacrifice.,Prim dies; Coin dies; Snow dies; Finnick dies; Katniss and Peeta survive.,"After Prim is killed in a bombing tied to rebel strategy, Katniss kills Coin instead of Snow, rejecting one tyranny replacing another.",revolutionary disillusionment,war;propaganda;rebellion;trauma;power
Harry Potter and the Sorcerer's Stone,J.K. Rowling,fantasy,"A fantasy novel about a neglected boy discovering magic, friendship, danger, and a hidden past.",The stone is protected less by power than by desire.,"Quirrell is working for Voldemort, who is trying to return through the Sorcerer Stone.","Quirrell dies; Voldemort survives as a weakened presence; Harry, Ron, and Hermione survive.","Harry stops Quirrell from getting the Stone because he wants to find it but not use it, and Voldemort fails to return fully.",first victory,magic;school;friendship;Voldemort;quest
Harry Potter and the Chamber of Secrets,J.K. Rowling,fantasy,"A fantasy mystery about attacks at Hogwarts, hidden prejudice, a diary, and a monster in the school.",The diary is more dangerous than it looks.,Tom Riddle diary is a Horcrux-like fragment controlling Ginny and opening the Chamber.,The basilisk dies; Tom Riddle memory is destroyed; Ginny survives.,"Harry kills the basilisk and destroys Riddle diary with a basilisk fang, saving Ginny and exposing the diary as the weapon.",hidden memory destroyed,magic;school;mystery;diary;monster
"The Lion, the Witch and the Wardrobe",C.S. Lewis,fantasy,"A portal fantasy about four children, a winter kingdom, betrayal, sacrifice, and restoration.",The lion death is not the end of the lion.,"Edmund betrays his siblings, but Aslan sacrifices himself to save him.",Aslan dies and returns; the White Witch dies; the children survive and rule Narnia.,"Aslan is killed on the Stone Table but rises again, defeats the White Witch, and restores Narnia.",sacrificial restoration,fantasy;Narnia;sacrifice;children;restoration
The Giver,Lois Lowry,young adult dystopian,"A dystopian novel about memory, sameness, pain, choice, and the hidden violence of a controlled community.",The perfect community depends on forgetting.,"Jonas learns that release means death and that his society has erased memory, pain, and real choice.",The baby Gabriel survives with Jonas if the ending is read hopefully; the Giver remains behind.,Jonas escapes with Gabriel to release memories back into the community; the ending is ambiguous but suggests possible arrival and music.,ambiguous escape,dystopia;memory;choice;control;childhood
Fahrenheit 451,Ray Bradbury,dystopian fiction,"A dystopian novel about censorship, distraction, fire, books, memory, and cultural emptiness.",The fireman must become a keeper of books.,Montag turns against book burning after meeting Clarisse and watching a woman die with her books.,Beatty dies; Clarisse fate is ambiguous in the novel; Montag survives; the city is destroyed.,"Montag kills Beatty, escapes the city, joins the book people, and survives as war destroys the city behind him.",cultural preservation,censorship;books;fire;memory;dystopia
1984,George Orwell,dystopian fiction,"A dystopian novel about surveillance, language, propaganda, torture, and the destruction of private thought.",The final defeat is not death; it is love for Big Brother.,"Winston and Julia rebel privately, but O'Brien and the Party were watching all along.",Winston survives physically but is psychologically broken; Julia also survives broken.,"After torture in Room 101, Winston betrays Julia and is remade into someone who loves Big Brother.",total psychological defeat,dystopia;surveillance;language;torture;totalitarianism
Animal Farm,George Orwell,political allegory,"A political allegory about revolution, corruption, propaganda, labor, and power becoming what it overthrew.",The pigs become impossible to distinguish from the humans.,"The animals overthrow Mr. Jones, but Napoleon turns the revolution into another tyranny.",Boxer dies after being sold to the knacker; Snowball is driven out; Napoleon remains in power.,The commandments are rewritten until the pigs walk on two legs and the animals can no longer tell pigs from men.,revolution betrayed,allegory;revolution;propaganda;power;corruption
Lord of the Flies,William Golding,classic,"A survival novel about schoolboys on an island, social collapse, violence, fear, and the fragility of civilization.",The monster is not in the jungle.,"The boys fear a beast, but the real violence comes from their own group dynamics.",Piggy dies; Simon dies; the boy with the birthmark likely dies; Ralph survives.,"Simon is killed after realizing the beast is internal, Piggy is murdered, and Ralph is rescued just before the boys hunt him down.",civilization collapse,island;violence;children;fear;civilization
Of Mice and Men,John Steinbeck,classic,"A short novel about friendship, labor, disability, loneliness, dreams, and mercy in Depression-era California.",The dream of the farm cannot survive the world around it.,"Lennie accidentally kills Curley wife, forcing George to choose between mob violence and mercy.",Lennie dies; Curley wife dies; George survives devastated.,George shoots Lennie himself to spare him from Curley lynch mob after Lennie accidentally kills Curley wife.,mercy killing,friendship;labor;dreams;loneliness;mercy
The Grapes of Wrath,John Steinbeck,classic,"A social realist novel about migration, labor, family, poverty, dispossession, and collective survival.",The family story becomes a larger story of working-class survival.,"The Joad family loses members while moving west, and Tom begins to see struggle as collective.",Grandpa dies; Grandma dies; Casy dies; Rose of Sharon baby is stillborn; Tom leaves to organize.,"The novel ends with Rose of Sharon breastfeeding a starving man, turning private grief into communal survival.",communal survival,migration;poverty;labor;family;Dust Bowl
The Catcher in the Rye,J.D. Salinger,classic,"A coming-of-age novel about grief, adolescence, alienation, performance, and the wish to protect innocence.",The fantasy of saving children cannot save Holden from grief.,"Holden wanders New York while avoiding school, family, and the grief he cannot name directly.",Allie is already dead; Holden survives and narrates from a place of treatment or recovery.,"Holden ends after a breakdown-like journey, watching Phoebe on the carousel and accepting that children must risk falling.",fragile recovery,adolescence;grief;alienation;innocence;New York
The Outsiders,S.E. Hinton,young adult classic,"A young adult novel about class conflict, friendship, violence, loyalty, and boys trying to survive a divided town.",Staying gold is harder than surviving the fight.,"Johnny kills Bob to save Ponyboy, and the boys hide before a church fire changes everything.",Johnny dies; Dally dies; Bob dies; Ponyboy survives.,"Johnny dies from injuries after saving children from a burning church, and Dally is killed by police after breaking down.",loss of innocence,class;friendship;violence;youth;loyalty
The Book Thief,Markus Zusak,historical fiction,"A World War II novel narrated by Death about books, foster family, language, violence, and survival.","Death tells the story, so loss is never far away.",Liesel hides Max with her foster family and survives through books while Nazi Germany destroys the people around her.,Hans dies; Rosa dies; Rudy dies; Liesel survives; Max survives.,"A bombing kills Hans, Rosa, Rudy, and others on Himmel Street, but Liesel survives because she is writing in the basement.",survival through words,World War II;books;Death;language;grief
The Kite Runner,Khaled Hosseini,literary fiction,"A novel about friendship, betrayal, guilt, fathers, Afghanistan, and the possibility of partial redemption.","There is a way to be good again, but not a way to undo the harm.","Amir betrays Hassan by failing to help him, then later learns Hassan was his half-brother.",Hassan dies; Ali dies; Baba dies; Assef survives injured; Sohrab survives.,"Amir rescues Hassan son Sohrab from Assef, but redemption remains painful and incomplete.",partial redemption,Afghanistan;friendship;betrayal;family;guilt
A Thousand Splendid Suns,Khaled Hosseini,historical fiction,"A novel about two women in Afghanistan whose lives become bound through marriage, violence, motherhood, and sacrifice.",The deepest love story is between the two women.,"Mariam and Laila become allies under Rasheed abuse, and Mariam chooses sacrifice to save Laila.",Mariam is executed; Rasheed dies; Laila survives; Tariq survives.,"Mariam kills Rasheed to save Laila, accepts execution, and Laila later rebuilds her life with Tariq while honoring Mariam.",sacrificial sisterhood,Afghanistan;women;abuse;sacrifice;motherhood
Life of Pi,Yann Martel,philosophical fiction,"A survival novel about storytelling, faith, shipwreck, a tiger, and the question of which story one chooses to believe.",The better story may not be the factual one.,"Pi survives at sea with Richard Parker, but later offers a darker human version of the same events.",Pi survives; his family dies in the shipwreck; Richard Parker disappears into the jungle.,"The novel ends by giving two versions of Pi survival, leaving readers to choose between the animal story and the brutal human allegory.",ambiguous survival story,faith;storytelling;survival;tiger;belief
The Road,Cormac McCarthy,post-apocalyptic fiction,"A spare post-apocalyptic novel about a father and son moving through ruin, hunger, fear, and love.",The father cannot carry the boy all the way.,"The father protects his son through a devastated world, but his body is failing.",The father dies; the boy survives and is taken in by another family.,"The father dies after bringing the boy as far as he can, and the boy joins a family that may offer survival.",fragile continuation,apocalypse;fatherhood;survival;love;ruin
No Country for Old Men,Cormac McCarthy,crime fiction,"A bleak crime novel about money, violence, fate, aging, and a world that feels morally unreadable.",The old lawman is not the one who wins.,"Llewelyn Moss takes drug money and is hunted by Anton Chigurh, while Sheriff Bell cannot stop the violence.",Moss dies; Carla Jean likely dies; Chigurh survives; Bell retires.,"Moss is killed offstage by cartel gunmen, Chigurh continues as an agent of chance, and Bell retires defeated by the new violence.",moral exhaustion,crime;violence;fate;aging;Texas
